Name,Population,Cases in past week,Reported prevalence,Underreporting factor,Delay factor,Estimated prevalence
Entire state,1415872,661,0.000468,2.4425,1.0,0.001142
Hawaii,201513,43,0.000218,2.3223,1.0,0.000507
Honolulu,974563,460,0.000473,2.5621,1.0,0.001212
Kauai,72293,2,4.1e-05,2.392,1.0,9.9e-05
Maui,167417,156,0.000938,2.5994,1.0,0.002438
