Name,Population,Cases in past week,Reported prevalence,Underreporting factor,Delay factor,Estimated prevalence
Entire state,973764,3304,0.003394,2.8302,1.0,0.009606
Kent,180786,677,0.00375,2.8361,1.0,0.010636
New Castle,558753,1698,0.003041,2.7888,1.0,0.00848
Sussex,234225,921,0.003936,2.9708,1.0,0.011694
